id,category,precisionAt4,recallAt4,mrr,ndcgAt4,relevantTotal,matchedInTop4,mappedByTextInTop4
qa_001,factual,0.25,0.5,1,0.6131,2,1,1
qa_002,factual,0.5,0.4,1,0.601,5,2,2
qa_003,factual,0.75,0.6,1,0.8229,5,3,3
qa_004,factual,0.5,0.4,1,0.5891,5,2,2
qa_005,factual,0.5,0.4,1,0.7727,5,2,2
qa_006,factual,0.5,0.4,1,0.4967,5,2,2
qa_007,factual,0.5,0.4,1,0.4967,5,2,2
qa_008,factual,0.75,0.6,1,0.7543,5,3,3
qa_016,opinion,0.5,0.4,1,0.6235,5,2,2
qa_017,opinion,0.25,0.5,1,0.6131,2,1,1
qa_018,opinion,0.25,0.5,0.5,0.3869,2,1,1
qa_019,opinion,0.25,0.5,0.3333,0.3066,2,1,1
qa_020,opinion,0.5,0.4,1,0.8402,5,2,2
qa_021,opinion,0.5,0.4,1,0.2801,5,2,2
qa_051,style_tone,0.5,0.4,1,0.6235,5,2,2
qa_052,style_tone,0.25,0.2,1,0.5152,5,1,1
qa_053,style_tone,0.5,0.4,1,0.737,5,2,2
qa_054,style_tone,0.5,0.4,1,0.7727,5,2,2
qa_055,style_tone,0.5,0.4,1,0.4967,5,2,2
qa_031,contextual_synthesis,0.25,0.2,1,0.1717,5,1,1
qa_032,contextual_synthesis,0.5,0.4,1,0.7727,5,2,2
qa_041,contextual_synthesis,0.5,0.4,1,0.8402,5,2,2
qa_042,contextual_synthesis,0.75,0.6,1,0.7186,5,3,3
dial_01_turn1,multi_turn,0.5,0.4,1,0.5891,5,2,2
dial_02_turn1,multi_turn,0.75,0.6,1,0.6975,5,3,3